oxygen_used_flag,success_rate_oxygen
False,0.4576932455498659
True,0.8058975093043229
